[
  {
    "model_id": 1,
    "architecture": {
      "0": 2000
    },
    "dropout_rate": 0,
    "optimizer": "adam",
    "learning_rate": 0.001,
    "activation": "relu",
    "val_accuracy": 0.9643333554267883,
    "val_loss": 0.12826290726661682,
    "epochs_trained": 9,
    "val_learning curve": [
      [
        0.9416666626930237,
        0.9570000171661377,
        0.9558333158493042,
        0.9628333449363708,
        0.9548333287239075,
        0.9589999914169312,
        0.9616666436195374,
        0.9643333554267883,
        0.9553333520889282
      ]
    ]
  },
  {
    "model_id": 2,
    "architecture": {
      "0": 2000
    },
    "dropout_rate": 0,
    "optimizer": "adam",
    "learning_rate": 0.001,
    "activation": "tanh",
    "val_accuracy": 0.9541666507720947,
    "val_loss": 0.14749246835708618,
    "epochs_trained": 9,
    "val_learning curve": [
      [
        0.9056666493415833,
        0.9298333525657654,
        0.9430000185966492,
        0.953499972820282,
        0.9468333125114441,
        0.9514999985694885,
        0.9524999856948853,
        0.9536666870117188,
        0.9541666507720947
      ]
    ]
  },
  {
    "model_id": 3,
    "architecture": {
      "0": 2000
    },
    "dropout_rate": 0,
    "optimizer": "adam",
    "learning_rate": 0.01,
    "activation": "relu",
    "val_accuracy": 0.9353333115577698,
    "val_loss": 0.26614639163017273,
    "epochs_trained": 7,
    "val_learning curve": [
      [
        0.9160000085830688,
        0.9323333501815796,
        0.9348333477973938,
        0.9276666641235352,
        0.9328333139419556,
        0.9351666569709778,
        0.9353333115577698
      ]
    ]
  },
  {
    "model_id": 4,
    "architecture": {
      "0": 2000
    },
    "dropout_rate": 0,
    "optimizer": "adam",
    "learning_rate": 0.01,
    "activation": "tanh",
    "val_accuracy": 0.9136666655540466,
    "val_loss": 0.6116958260536194,
    "epochs_trained": 8,
    "val_learning curve": [
      [
        0.8491666913032532,
        0.8663333058357239,
        0.9121666550636292,
        0.9128333330154419,
        0.8991666436195374,
        0.8878333568572998,
        0.8815000057220459,
        0.9136666655540466
      ]
    ]
  },
  {
    "model_id": 5,
    "architecture": {
      "0": 2000
    },
    "dropout_rate": 0.5,
    "optimizer": "adam",
    "learning_rate": 0.001,
    "activation": "relu",
    "val_accuracy": 0.9698333144187927,
    "val_loss": 0.11603055894374847,
    "epochs_trained": 11,
    "val_learning curve": [
      [
        0.9368333220481873,
        0.9508333206176758,
        0.9588333368301392,
        0.9605000019073486,
        0.9598333239555359,
        0.9646666646003723,
        0.9660000205039978,
        0.9616666436195374,
        0.9648333191871643,
        0.968999981880188,
        0.9698333144187927
      ]
    ]
  },
  {
    "model_id": 6,
    "architecture": {
      "0": 2000
    },
    "dropout_rate": 0.5,
    "optimizer": "adam",
    "learning_rate": 0.001,
    "activation": "tanh",
    "val_accuracy": 0.9588333368301392,
    "val_loss": 0.15950974822044373,
    "epochs_trained": 13,
    "val_learning curve": [
      [
        0.8821666836738586,
        0.9208333492279053,
        0.9350000023841858,
        0.9415000081062317,
        0.9419999718666077,
        0.9491666555404663,
        0.9476666450500488,
        0.956166684627533,
        0.9553333520889282,
        0.9553333520889282,
        0.9588333368301392,
        0.9576666951179504,
        0.9580000042915344
      ]
    ]
  },
  {
    "model_id": 7,
    "architecture": {
      "0": 2000
    },
    "dropout_rate": 0.5,
    "optimizer": "adam",
    "learning_rate": 0.01,
    "activation": "relu",
    "val_accuracy": 0.9273333549499512,
    "val_loss": 0.2994808256626129,
    "epochs_trained": 8,
    "val_learning curve": [
      [
        0.9046666622161865,
        0.9143333435058594,
        0.9204999804496765,
        0.922166645526886,
        0.9236666560173035,
        0.921833336353302,
        0.9201666712760925,
        0.9273333549499512
      ]
    ]
  },
  {
    "model_id": 8,
    "architecture": {
      "0": 2000
    },
    "dropout_rate": 0.5,
    "optimizer": "adam",
    "learning_rate": 0.01,
    "activation": "tanh",
    "val_accuracy": 0.9139999747276306,
    "val_loss": 1.24024498462677,
    "epochs_trained": 8,
    "val_learning curve": [
      [
        0.840833306312561,
        0.875333309173584,
        0.8916666507720947,
        0.8744999766349792,
        0.871666669845581,
        0.9073333144187927,
        0.8986666798591614,
        0.9139999747276306
      ]
    ]
  },
  {
    "model_id": 9,
    "architecture": {
      "0": 1000,
      "1": 1000
    },
    "dropout_rate": 0,
    "optimizer": "adam",
    "learning_rate": 0.001,
    "activation": "relu",
    "val_accuracy": 0.9664999842643738,
    "val_loss": 0.12942293286323547,
    "epochs_trained": 8,
    "val_learning curve": [
      [
        0.9423333406448364,
        0.956333339214325,
        0.9623333215713501,
        0.9546666741371155,
        0.9576666951179504,
        0.9580000042915344,
        0.9664999842643738,
        0.9598333239555359
      ]
    ]
  },
  {
    "model_id": 10,
    "architecture": {
      "0": 1000,
      "1": 1000
    },
    "dropout_rate": 0,
    "optimizer": "adam",
    "learning_rate": 0.001,
    "activation": "tanh",
    "val_accuracy": 0.9571666717529297,
    "val_loss": 0.14936095476150513,
    "epochs_trained": 12,
    "val_learning curve": [
      [
        0.9276666641235352,
        0.9413333535194397,
        0.9468333125114441,
        0.9488333463668823,
        0.9516666531562805,
        0.9536666870117188,
        0.9551666378974915,
        0.950166642665863,
        0.9571666717529297,
        0.953000009059906,
        0.950166642665863,
        0.956166684627533
      ]
    ]
  },
  {
    "model_id": 11,
    "architecture": {
      "0": 1000,
      "1": 1000
    },
    "dropout_rate": 0,
    "optimizer": "adam",
    "learning_rate": 0.01,
    "activation": "relu",
    "val_accuracy": 0.9290000200271606,
    "val_loss": 0.2766703963279724,
    "epochs_trained": 7,
    "val_learning curve": [
      [
        0.8895000219345093,
        0.92166668176651,
        0.9183333516120911,
        0.9125000238418579,
        0.921500027179718,
        0.9290000200271606,
        0.9243333339691162
      ]
    ]
  },
  {
    "model_id": 12,
    "architecture": {
      "0": 1000,
      "1": 1000
    },
    "dropout_rate": 0,
    "optimizer": "adam",
    "learning_rate": 0.01,
    "activation": "tanh",
    "val_accuracy": 0.7680000066757202,
    "val_loss": 0.9501354694366455,
    "epochs_trained": 19,
    "val_learning curve": [
      [
        0.60916668176651,
        0.5763333439826965,
        0.6418333053588867,
        0.5843333601951599,
        0.7278333306312561,
        0.6830000281333923,
        0.6955000162124634,
        0.6981666684150696,
        0.6413333415985107,
        0.7680000066757202,
        0.7103333473205566,
        0.7051666378974915,
        0.7123333215713501,
        0.7671666741371155,
        0.7573333382606506,
        0.7201666831970215,
        0.7368333339691162,
        0.6316666603088379,
        0.7204999923706055
      ]
    ]
  },
  {
    "model_id": 13,
    "architecture": {
      "0": 1000,
      "1": 1000
    },
    "dropout_rate": 0.5,
    "optimizer": "adam",
    "learning_rate": 0.001,
    "activation": "relu",
    "val_accuracy": 0.9673333168029785,
    "val_loss": 0.11079376935958862,
    "epochs_trained": 13,
    "val_learning curve": [
      [
        0.9390000104904175,
        0.9514999985694885,
        0.9574999809265137,
        0.9616666436195374,
        0.9623333215713501,
        0.9583333134651184,
        0.9641666412353516,
        0.9664999842643738,
        0.9664999842643738,
        0.9664999842643738,
        0.9653333425521851,
        0.9673333168029785,
        0.9673333168029785
      ]
    ]
  },
  {
    "model_id": 14,
    "architecture": {
      "0": 1000,
      "1": 1000
    },
    "dropout_rate": 0.5,
    "optimizer": "adam",
    "learning_rate": 0.001,
    "activation": "tanh",
    "val_accuracy": 0.9586666822433472,
    "val_loss": 0.15346667170524597,
    "epochs_trained": 15,
    "val_learning curve": [
      [
        0.8998333215713501,
        0.9261666536331177,
        0.9325000047683716,
        0.9366666674613953,
        0.9411666393280029,
        0.9453333616256714,
        0.9466666579246521,
        0.9474999904632568,
        0.9505000114440918,
        0.9566666483879089,
        0.9555000066757202,
        0.9543333053588867,
        0.95333331823349,
        0.9508333206176758,
        0.9586666822433472
      ]
    ]
  },
  {
    "model_id": 15,
    "architecture": {
      "0": 1000,
      "1": 1000
    },
    "dropout_rate": 0.5,
    "optimizer": "adam",
    "learning_rate": 0.01,
    "activation": "relu",
    "val_accuracy": 0.7776666879653931,
    "val_loss": 0.7778139114379883,
    "epochs_trained": 15,
    "val_learning curve": [
      [
        0.73416668176651,
        0.7235000133514404,
        0.7105000019073486,
        0.7173333168029785,
        0.7306666374206543,
        0.7443333268165588,
        0.7413333058357239,
        0.7581666707992554,
        0.7540000081062317,
        0.749833345413208,
        0.7285000085830688,
        0.7388333082199097,
        0.7416666746139526,
        0.7628333568572998,
        0.7776666879653931
      ]
    ]
  },
  {
    "model_id": 16,
    "architecture": {
      "0": 1000,
      "1": 1000
    },
    "dropout_rate": 0.5,
    "optimizer": "adam",
    "learning_rate": 0.01,
    "activation": "tanh",
    "val_accuracy": 0.7741666436195374,
    "val_loss": 0.9356346726417542,
    "epochs_trained": 13,
    "val_learning curve": [
      [
        0.6474999785423279,
        0.7239999771118164,
        0.6869999766349792,
        0.6933333277702332,
        0.7431666851043701,
        0.7353333234786987,
        0.7446666955947876,
        0.7741666436195374,
        0.6965000033378601,
        0.7279999852180481,
        0.7603333592414856,
        0.7639999985694885,
        0.7279999852180481
      ]
    ]
  },
  {
    "model_id": 17,
    "architecture": {
      "0": 500,
      "1": 1000,
      "2": 500
    },
    "dropout_rate": 0,
    "optimizer": "adam",
    "learning_rate": 0.001,
    "activation": "relu",
    "val_accuracy": 0.9674999713897705,
    "val_loss": 0.1443813294172287,
    "epochs_trained": 10,
    "val_learning curve": [
      [
        0.9388333559036255,
        0.950166642665863,
        0.9556666612625122,
        0.9546666741371155,
        0.9616666436195374,
        0.9601666927337646,
        0.9649999737739563,
        0.9649999737739563,
        0.9674999713897705,
        0.9591666460037231
      ]
    ]
  },
  {
    "model_id": 18,
    "architecture": {
      "0": 500,
      "1": 1000,
      "2": 500
    },
    "dropout_rate": 0,
    "optimizer": "adam",
    "learning_rate": 0.001,
    "activation": "tanh",
    "val_accuracy": 0.956166684627533,
    "val_loss": 0.15762263536453247,
    "epochs_trained": 11,
    "val_learning curve": [
      [
        0.9208333492279053,
        0.9388333559036255,
        0.9403333067893982,
        0.9448333382606506,
        0.9476666450500488,
        0.9539999961853027,
        0.9440000057220459,
        0.9553333520889282,
        0.956166684627533,
        0.9539999961853027,
        0.9526666402816772
      ]
    ]
  },
  {
    "model_id": 19,
    "architecture": {
      "0": 500,
      "1": 1000,
      "2": 500
    },
    "dropout_rate": 0,
    "optimizer": "adam",
    "learning_rate": 0.01,
    "activation": "relu",
    "val_accuracy": 0.9058333039283752,
    "val_loss": 0.3578190505504608,
    "epochs_trained": 17,
    "val_learning curve": [
      [
        0.862333357334137,
        0.8551666736602783,
        0.8666666746139526,
        0.8756666779518127,
        0.8853333592414856,
        0.8971666693687439,
        0.8988333344459534,
        0.9014999866485596,
        0.9004999995231628,
        0.9004999995231628,
        0.9008333086967468,
        0.9058333039283752,
        0.8989999890327454,
        0.8988333344459534,
        0.8983333110809326,
        0.8989999890327454,
        0.9024999737739563
      ]
    ]
  },
  {
    "model_id": 20,
    "architecture": {
      "0": 500,
      "1": 1000,
      "2": 500
    },
    "dropout_rate": 0,
    "optimizer": "adam",
    "learning_rate": 0.01,
    "activation": "tanh",
    "val_accuracy": 0.492000013589859,
    "val_loss": 1.4942952394485474,
    "epochs_trained": 6,
    "val_learning curve": [
      [
        0.492000013589859,
        0.17350000143051147,
        0.17599999904632568,
        0.18150000274181366,
        0.1641666740179062,
        0.1808333396911621
      ]
    ]
  },
  {
    "model_id": 21,
    "architecture": {
      "0": 500,
      "1": 1000,
      "2": 500
    },
    "dropout_rate": 0.5,
    "optimizer": "adam",
    "learning_rate": 0.001,
    "activation": "relu",
    "val_accuracy": 0.9664999842643738,
    "val_loss": 0.1196717917919159,
    "epochs_trained": 23,
    "val_learning curve": [
      [
        0.9259999990463257,
        0.9401666522026062,
        0.9428333044052124,
        0.9521666765213013,
        0.9555000066757202,
        0.9578333497047424,
        0.9606666564941406,
        0.9593333601951599,
        0.9586666822433472,
        0.9598333239555359,
        0.9636666774749756,
        0.9611666798591614,
        0.9649999737739563,
        0.9613333344459534,
        0.9638333320617676,
        0.9606666564941406,
        0.965666651725769,
        0.9649999737739563,
        0.9643333554267883,
        0.9653333425521851,
        0.9649999737739563,
        0.9664999842643738,
        0.965666651725769
      ]
    ]
  },
  {
    "model_id": 22,
    "architecture": {
      "0": 500,
      "1": 1000,
      "2": 500
    },
    "dropout_rate": 0.5,
    "optimizer": "adam",
    "learning_rate": 0.001,
    "activation": "tanh",
    "val_accuracy": 0.9555000066757202,
    "val_loss": 0.16307185590267181,
    "epochs_trained": 23,
    "val_learning curve": [
      [
        0.8820000290870667,
        0.9075000286102295,
        0.9169999957084656,
        0.9294999837875366,
        0.9323333501815796,
        0.9356666803359985,
        0.9403333067893982,
        0.9451666474342346,
        0.940833330154419,
        0.9424999952316284,
        0.9468333125114441,
        0.9516666531562805,
        0.9509999752044678,
        0.9481666684150696,
        0.9508333206176758,
        0.9513333439826965,
        0.9495000243186951,
        0.9555000066757202,
        0.9516666531562805,
        0.953499972820282,
        0.9538333415985107,
        0.9539999961853027,
        0.953166663646698
      ]
    ]
  },
  {
    "model_id": 23,
    "architecture": {
      "0": 500,
      "1": 1000,
      "2": 500
    },
    "dropout_rate": 0.5,
    "optimizer": "adam",
    "learning_rate": 0.01,
    "activation": "relu",
    "val_accuracy": 0.687166690826416,
    "val_loss": 1.0417239665985107,
    "epochs_trained": 6,
    "val_learning curve": [
      [
        0.687166690826416,
        0.5839999914169312,
        0.5485000014305115,
        0.4480000138282776,
        0.35983332991600037,
        0.3916666805744171
      ]
    ]
  },
  {
    "model_id": 24,
    "architecture": {
      "0": 500,
      "1": 1000,
      "2": 500
    },
    "dropout_rate": 0.5,
    "optimizer": "adam",
    "learning_rate": 0.01,
    "activation": "tanh",
    "val_accuracy": 0.6986666917800903,
    "val_loss": 0.9625707864761353,
    "epochs_trained": 9,
    "val_learning curve": [
      [
        0.6704999804496765,
        0.6470000147819519,
        0.6986666917800903,
        0.6971666812896729,
        0.687666654586792,
        0.6355000138282776,
        0.6980000138282776,
        0.6915000081062317,
        0.6809999942779541
      ]
    ]
  }
]